{
  "$schema": "http://json-schema.org/draft-07/schema#",
  "title": "ApiProduct",
  "type": "object",
  "properties": {
    "apiVersion": {
      "type": "string"
    },
    "kind": {
      "type": "string",
      "enum": ["ApiProduct"]
    },
    "metadata": {
      "type": "object",
      "properties": {
        "name": { "type": "string" },
        "description": { "type": "string" },
        "sysgen": {
          "type": "string",
          "description": "SYSGEN/MAL ID Owning This API Product"
        },
        "owner": {
          "type": "string",
          "description": "Primary contact and approver for this API Product"
        },
        "approvedBySRB": {
          "type": "boolean",
          "default": false,
          "description": "A SRB Review is required to approve Taxonomy and Resource names for the API Proxies."
        }
      },
      "required": ["name", "description", "owner", "sysgen", "approvedBySRB"]
    },
    "spec": {
      "type": "object",
      "properties": {
        "approval": {
          "type": "string",
          "enum": ["auto", "manual"]
        },
        "environments": {
          "type": "array",
          "items": {
            "type": "string",
            "enum": [
              "apicc-dev1", "apicc-dev2", "apicc-dev3", "apicc-dev4",
              "ext-apicc-dev1", "ext-apicc-dev2", "ext-apicc-dev3", "ext-apicc-dev4",
              "apicc-test1", "apicc-test2", "apicc-test3", "apicc-test4",
              "ext-apicc-test1", "ext-apicc-test2", "ext-apicc-test3", "ext-apicc-test4",
              "api-eval"
            ]
          },
          "description": "List of environment names where the API Product should be deployed."
        },
         "access": {
          "type": "string",
          "enum": ["public", "internal"],
          "description": "The access level given to users of this API product."
        },
        "quota": {
          "type": "object",
          "description": "Optional quota configuration for the API product",
          "properties": {
            "limit": {
              "type": "integer",
              "minimum": 1,
              "description": "Number of request messages permitted per quota interval"
            },
            "interval": {
              "type": "integer",
              "minimum": 1,
              "description": "Time interval for quota (e.g., 1 for 1 minute, 24 for 24 hours)"
            },
            "timeUnit": {
              "type": "string",
              "enum": ["minute", "hour", "day", "month"],
              "description": "Time unit for the quota interval"
            }
          },
          "required": ["limit", "interval", "timeUnit"]
        },
        "scopes": {
          "type": "array",
          "description": "Optional OAuth scopes associated with this API product",
          "items": {
            "type": "string"
          }
        },
        "attributes": {
          "type": "object",
          "description": "Optional custom attributes for the API product",
          "additionalProperties": {
            "type": "string"
          }
        },
        "proxies": {
          "type": "array",
          "items": {
            "type": "object",
            "properties": {
              "name": {
                "type": "string",
                "description": "Name of the API proxy or shared flow"
              },
              "operations": {
                "type": "array",
                "description": "List of operations (path + methods combinations) for this proxy",
                "items": {
                  "type": "object",
                  "properties": {
                    "path": {
                      "type": "string",
                      "pattern": "^/.*",
                      "description": "Resource path for this operation"
                    },
                    "methods": {
                      "type": "array",
                      "description": "HTTP methods allowed for this path",
                      "items": {
                        "type": "string",
                        "enum": ["GET", "POST", "PUT", "DELETE", "OPTIONS", "PATCH", "HEAD"]
                      }
                    }
                  },
                  "required": ["path"]
                }
              },
              "path": {
                "type": "string",
                "default": "/*",
                "pattern": "^/.*",
                "description": "DEPRECATED: Use operations instead. Single resource path for backwards compatibility."
              },
              "methods": {
                "type": "array",
                "description": "DEPRECATED: Use operations instead. HTTP methods for backwards compatibility.",
                "items": {
                  "type": "string",
                  "enum": ["GET", "POST", "PUT", "DELETE", "OPTIONS", "PATCH", "HEAD"]
                },
                "default": ["GET", "POST", "PUT", "DELETE", "OPTIONS", "PATCH", "HEAD"]
              }
            },
            "required": ["name"]
          }
        }
      },
      "required": ["approval", "access", "proxies"]
    }
  },
  "required": ["apiVersion", "kind", "metadata", "spec"]
}
