{
  "template_mappings": {
    "single-proxy-template": "SYSGEN788836350-Apigee_Default_Proxy_Template_V1",
    "jwt-oauth-proxy-ahpt-backend": "SYSGEN788836350-JWT_and_OAuth_Proxy_AHPT_Backend_Template",
    "jwt-proxy-ahpt-backend": "SYSGEN788836350-JWT_Proxy_AHPT_Backend_Template",
    "oauth-proxy-jwt-backend": "SYSGEN788836350-OAuth_Proxy_JWT_Backend_Template",
    "oauth-proxy-oauth-backend": "SYSGEN788836350-OAuth_Proxy_OAuth_Backend_Template"
  },
  "release_repository": "CenturyLink/enterprise-apigeex-templates"
}